"Seller_name","Seller_Location","Seller_Product","Seller_Product_url","Seller_price","Seller_product_wishlist"
"GudangGrosir","DKI Jakarta","TaffSTUDIO Splitter Audio Shape U 3.5mm ke Headphone & Mic - K0650","https://www.jakmall.com/gudanggrosir/taffstudio-splitter-audio-shape-u-35mm-ke-headphone-mic-k0650?jtm=789c8b564a4e2c494dcf2faa54d2512a28ca4f294d2ed1cdc92c2e01728b2b8b755185f24a737274a263630113eb1366#7353257642325","Rp 6.800","839"
"SoundSquare","DKI Jakarta","TaffSTUDIO Mikrofon Kondenser Studio dengan Shockproof Mount - BM-800","https://www.jakmall.com/soundsquare/taffstudio-mikrofon-kondenser-studio-dengan-shockproof-mount-bm-800?jtm=789c8b564a4e2c494dcf2faa54d2512a28ca4f294d2ed1cdc92c2e01728b2b8b755185f24a737274a263630113eb1366#1226636783137","Rp 83.200","1471"
"Kelvin Online Shop","DKI Jakarta","Taffware Gaming Mouse Pad XL Desk Mat Motif Peta Dunia - MP002","https://www.jakmall.com/kelvin-online-shop/taffware-gaming-mouse-pad-xl-desk-mat-motif-peta-dunia-mp002?jtm=789c8b564a4e2c494dcf2faa54d2512a28ca4f294d2ed1cdc92c2e01728b2b8b755185f24a737274a263630113eb1366#2398335098168","Rp 22.500","2132"
"Fast n Cheap","DKI Jakarta","Taffware ICE FAN 3 Universal Laptop Vacuum Cooler","https://www.jakmall.com/fast-n-cheap/taffware-ice-fan-3-universal-laptop-vacuum-cooler?jtm=789c8b564a4e2c494dcf2faa54d2512a28ca4f294d2ed1cdc92c2e01728b2b8b755185f24a737274a263630113eb1366#4126968826917","Rp 54.600","654"
"Fast n Cheap","DKI Jakarta","Splitter Audio Cable 3.5mm Male to 3.5mm HiFi Mic Headphone - AV123","https://www.jakmall.com/fast-n-cheap/splitter-audio-cable-35mm-male-to-35mm-hifi-mic-headphone-av123?jtm=789c8b564a4e2c494dcf2faa54d2512a28ca4f294d2ed1cdc92c2e01728b2b8b755185f24a737274a263630113eb1366#7469435306941","Rp 5.400","331"
"Computindo","DKI Jakarta","Zjiang Printer Resep Thermal Bluetooth - ZJ-5802DD","https://www.jakmall.com/computindo/zjiang-printer-resep-thermal-bluetooth-zj-5802dd?jtm=789c8b564a4e2c494dcf2faa54d2512a28ca4f294d2ed1cdc92c2e01728b2b8b755185f24a737274a263630113eb1366#9160548022506","Rp 459.100","207"
"ABC Store","DKI Jakarta","CARPRIE Klip Kabel Organizer Cable Clip 20 PCS - FT-8018","https://www.jakmall.com/abc-store/carprie-klip-kabel-organizer-cable-clip-20-pcs-ft-8018?jtm=789c8b564a4e2c494dcf2faa54d2512a28ca4f294d2ed1cdc92c2e01728b2b8b755185f24a737274a263630113eb1366#8695680088479","Rp 6.400","493"
"Fast n Cheap","DKI Jakarta","Taffware USB 7.1 Channel Sound Card Adapter - TC-03","https://www.jakmall.com/fast-n-cheap/taffware-usb-71-channel-sound-card-adapter-tc-03?jtm=789c8b564a4e2c494dcf2faa54d2512a28ca4f294d2ed1cdc92c2e01728b2b8b755185f24a737274a263630113eb1366#8121780420382","Rp 16.100","324"
"Fast n Cheap","DKI Jakarta","TaffLED Goodland Lampu USB 28 LED dengan Modul ON / OFF - LZY-028","https://www.jakmall.com/fast-n-cheap/taffled-goodland-lampu-usb-28-led-dengan-modul-on-off-lzy-028?jtm=789c8b564a4e2c494dcf2faa54d2512a28ca4f294d2ed1cdc92c2e01728b2b8b755185f24a737274a263630113eb1366#9777423648252","Rp 15.900","729"
"Computindo","DKI Jakarta","Taffware Kabel Adapter HDMI ke VGA Female - HD008","https://www.jakmall.com/computindo/taffware-kabel-adapter-hdmi-ke-vga-female-hd008?jtm=789c8b564a4e2c494dcf2faa54d2512a28ca4f294d2ed1cdc92c2e01728b2b8b755185f24a737274a263630113eb1366#9985375931708","Rp 21.200","411"
"SoundSquare","DKI Jakarta","TaffSTUDIO Mikrofon Kondenser dengan Shock Proof Mount - BM-8000","https://www.jakmall.com/soundsquare/taffstudio-mikrofon-kondenser-dengan-shock-proof-mount-bm-8000?jtm=789c8b564a4e2c494dcf2faa54d2512a28ca4f294d2ed1cdc92c2e01728b2b8b755185f24a737274a263630113eb1366#8045591095925","Rp 94.700","877"
"Fast n Cheap","DKI Jakarta","HSEN Mounting Kit Untuk HDD/SSD 2.5 Inch ke 3.5 Inch - WSE091","https://www.jakmall.com/fast-n-cheap/hsen-mounting-kit-untuk-hddssd-25-inch-ke-35-inch-wse091?jtm=789c8b564a4e2c494dcf2faa54d2512a28ca4f294d2ed1cdc92c2e01728b2b8b755185f24a737274a263630113eb1366#9540252646860","Rp 5.500","147"
"Fast n Cheap","DKI Jakarta","Headphone Jack Adapter 3.5mm 1/8 ke 6.5mm 1/4 Stereo 1 PCS - PJ1652","https://www.jakmall.com/fast-n-cheap/headphone-jack-adapter-35mm-18-ke-65mm-14-stereo-1-pcs-pj1652?jtm=789c8b564a4e2c494dcf2faa54d2512a28ca4f294d2ed1cdc92c2e01728b2b8b755185f24a737274a263630113eb1366#9959778073016","Rp 4.200","267"
"Jagoan Memory","DKI Jakarta","SanDisk Cruzer Blade USB Flash Drive - SDCZ50","https://www.jakmall.com/jagoan-memory/sandisk-cruzer-blade-usb-flash-drive-sdcz50?jtm=789c8b564a4e2c494dcf2faa54d2512a28ca4f294d2ed1cdc92c2e01728b2b8b755185f24a737274a263630113eb1366#3878046579876","Rp 51.700","523"
"Fast n Cheap","DKI Jakarta","Taffware Mini Keyboard Wireless 2.4GHz dengan Touch Pad & Mouse - i8","https://www.jakmall.com/fast-n-cheap/taffware-mini-keyboard-wireless-24ghz-dengan-touch-pad-mouse-i8?jtm=789c8b564a4e2c494dcf2faa54d2512a28ca4f294d2ed1cdc92c2e01728b2b8b755185f24a737274a263630113eb1366#1911898967907","Rp 48.900","937"
"Fast n Cheap","DKI Jakarta","Antena Eksternal TS9 3dbi Modem Huawei E5372s Bolt Slim & Max 120mm","https://www.jakmall.com/fast-n-cheap/antena-eksternal-ts9-3dbi-modem-huawei-e5372s-bolt-slim-max-120mm?jtm=789c8b564a4e2c494dcf2faa54d2512a28ca4f294d2ed1cdc92c2e01728b2b8b755185f24a737274a263630113eb1366#5623518853746","Rp 7.900","140"
"SoundSquare","DKI Jakarta","TaffSTUDIO Mikrofon Kondenser Studio dengan Stand - SF-666","https://www.jakmall.com/soundsquare/taffstudio-mikrofon-kondenser-studio-dengan-stand-sf-666?jtm=789c8b564a4e2c494dcf2faa54d2512a28ca4f294d2ed1cdc92c2e01728b2b8b755185f24a737274a263630113eb1366#3758796454030","Rp 74.900","551"
"Computindo","DKI Jakarta","Cyber Clean Magic Gel Super Cleaning Dust 80g","https://www.jakmall.com/computindo/cyber-clean-magic-gel-super-cleaning-dust-80g?jtm=789c8b564a4e2c494dcf2faa54d2512a28ca4f294d2ed1cdc92c2e01728b2b8b755185f24a737274a263630113eb1366#1575642064880","Rp 2.700","251"
"Fast n Cheap","DKI Jakarta","Overfly Kabel AUX HiFi Audio Cable 3.5mm Male to Female - AV118","https://www.jakmall.com/fast-n-cheap/overfly-kabel-aux-hifi-audio-cable-35mm-male-to-female-av118?jtm=789c8b564a4e2c494dcf2faa54d2512a28ca4f294d2ed1cdc92c2e01728b2b8b755185f24a737274a263630113eb1366#4389574689008","Rp 10.200","305"
"Kelvin Online Shop","DKI Jakarta","Robotsky USB OTG Cable for Smartphone - S-K03 / S-K07","https://www.jakmall.com/kelvin-online-shop/robotsky-usb-otg-cable-for-smartphone-s-k03-s-k07?jtm=789c8b564a4e2c494dcf2faa54d2512a28ca4f294d2ed1cdc92c2e01728b2b8b755185f24a737274a263630113eb1366#1480587872568","Rp 4.500","294"
"MyGadgets","DKI Jakarta","MONTIAN Gaming Mouse Pad Glowing RGB LED High Precision - HY-001","https://www.jakmall.com/mygadgets/montian-gaming-mouse-pad-glowing-rgb-led-high-precision-hy-001?jtm=789c8b564a4e2c494dcf2faa54d2512a28ca4f294d2ed1cdc92c2e01728b2b8b755185f24a737274a263630113eb1366#9235982941230","Rp 75.600","620"
"GudangGrosir","DKI Jakarta","Sound Card USB Virtual 7.1 Channel dengan Chipset China - 5Hv2","https://www.jakmall.com/gudanggrosir/sound-card-usb-virtual-71-channel-dengan-chipset-china-5hv2?jtm=789c8b564a4e2c494dcf2faa54d2512a28ca4f294d2ed1cdc92c2e01728b2b8b755185f24a737274a263630113eb1366#8098137911027","Rp 20.000","188"
"Fast n Cheap","DKI Jakarta","Tali Spiral Untuk Pelindung Kabel 1 PCS","https://www.jakmall.com/fast-n-cheap/tali-spiral-untuk-pelindung-kabel-1-pcs?jtm=789c8b564a4e2c494dcf2faa54d2512a28ca4f294d2ed1cdc92c2e01728b2b8b755185f24a737274a263630113eb1366#7495811775860","Rp 1.500","129"
"GudangGrosir","DKI Jakarta","TaffSTUDIO Mikrofon Kondenser Studio dengan Shock Proof Mount - BM-700","https://www.jakmall.com/gudanggrosir/taffstudio-mikrofon-kondenser-studio-dengan-shock-proof-mount-bm-700?jtm=789c8b564a4e2c494dcf2faa54d2512a28ca4f294d2ed1cdc92c2e01728b2b8b755185f24a737274a263630113eb1366#5416958920343","Rp 84.500","478"
"Computindo","DKI Jakarta","Taffware Wireless Optical Mouse 2.4G - Y810","https://www.jakmall.com/computindo/taffware-wireless-optical-mouse-24g-y810?jtm=789c8b564a4e2c494dcf2faa54d2512a28ca4f294d2ed1cdc92c2e01728b2b8b755185f24a737274a263630113eb1366#9912270028017","Rp 24.300","544"
"Fast n Cheap","DKI Jakarta","Table Mate II Meja Laptop Lipat Portable Laptop","https://www.jakmall.com/fast-n-cheap/table-mate-ii-meja-laptop-lipat-portable-laptop?jtm=789c8b564a4e2c494dcf2faa54d2512a28ca4f294d2ed1cdc92c2e01728b2b8b755185f24a737274a263630113eb1366#3656837532594","Rp 140.300","516"
"ABC Store","DKI Jakarta","Taffware Mouse Wireless Optical Iron Man 2.4Ghz - GFSK-M8","https://www.jakmall.com/abc-store/taffware-mouse-wireless-optical-iron-man-24ghz-gfsk-m8?jtm=789c8b564a4e2c494dcf2faa54d2512a28ca4f294d2ed1cdc92c2e01728b2b8b755185f24a737274a263630113eb1366#5474909920585","Rp 69.000","675"
"SoundSquare","DKI Jakarta","Taffware Kabel Audio AUX 3.5mm Spring L Jack 1.5m - ZHY43938","https://www.jakmall.com/soundsquare/taffware-kabel-audio-aux-35mm-spring-l-jack-15m-zhy43938?jtm=789c8b564a4e2c494dcf2faa54d2512a28ca4f294d2ed1cdc92c2e01728b2b8b755185f24a737274a263630113eb1366#1756919426082","Rp 6.200","290"
"Pusat LED","DKI Jakarta","TaffLED Tactical Red Dot Laser Gun Picatinny Mount Airsoft Rifle HJ11","https://www.jakmall.com/pusat-led/taffled-tactical-red-dot-laser-gun-picatinny-mount-airsoft-rifle-hj11?jtm=789c8b564a4e2c494dcf2faa54d2512a28ca4f294d2ed1cdc92c2e01728b2b8b755185f24a737274a263630113eb1366#2171820678683","Rp 35.300","219"
"ABC Store","DKI Jakarta","Rhodey Felt Sleeve Case Laptop - DA98","https://www.jakmall.com/abc-store/rhodey-felt-sleeve-case-laptop-da98?jtm=789c8b564a4e2c494dcf2faa54d2512a28ca4f294d2ed1cdc92c2e01728b2b8b755185f24a737274a263630113eb1366#4127803279461","Rp 12.400","515"
"ABC Store","DKI Jakarta","Taffware Wireless USB Adapter 802.11N 150Mbps Dengan Antena","https://www.jakmall.com/abc-store/taffware-wireless-usb-adapter-80211n-150mbps-dengan-antena?jtm=789c8b564a4e2c494dcf2faa54d2512a28ca4f294d2ed1cdc92c2e01728b2b8b755185f24a737274a263630113eb1366#2265048014166","Rp 31.400","261"
"Fast n Cheap","DKI Jakarta","TDK Snap On Noise Filter Ferrite Cable RF EMI 5mm 3605","https://www.jakmall.com/fast-n-cheap/tdk-snap-on-noise-filter-ferrite-cable-rf-emi-5mm-3605?jtm=789c8b564a4e2c494dcf2faa54d2512a28ca4f294d2ed1cdc92c2e01728b2b8b755185f24a737274a263630113eb1366#5422425127508","Rp 2.600","128"
"Home Solution","DKI Jakarta","TaffHOME Meja Laptop Adjustable Portable Rotate Laptop Desk - ND02","https://www.jakmall.com/home-solution/taffhome-meja-laptop-adjustable-portable-rotate-laptop-desk-nd02?jtm=789c8b564a4e2c494dcf2faa54d2512a28ca4f294d2ed1cdc92c2e01728b2b8b755185f24a737274a263630113eb1366#7296430281523","Rp 131.200","1393"
"Best Deal Shop","DKI Jakarta","Taffware HUMI Kipas Cooler Mini Arctic Air Conditioner 8W - AA-MC4","https://www.jakmall.com/best-deal-shop/taffware-humi-kipas-cooler-mini-arctic-air-conditioner-8w-aa-mc4?jtm=789c8b564a4e2c494dcf2faa54d2512a28ca4f294d2ed1cdc92c2e01728b2b8b755185f24a737274a263630113eb1366#2602744022484","Rp 93.200","876"
"ABC Store","DKI Jakarta","Konverter Mini Displayport ke HDMI/DVI/VGA (Thunderbolt Compatible)","https://www.jakmall.com/abc-store/konverter-mini-displayport-ke-hdmidvivga-thunderbolt-compatible?jtm=789c8b564a4e2c494dcf2faa54d2512a28ca4f294d2ed1cdc92c2e01728b2b8b755185f24a737274a263630113eb1366#6040752510054","Rp 56.000","256"
"Best Deal Shop","DKI Jakarta","RJ45 Female to Female Cat6 Network LAN Extension Adapter Connector","https://www.jakmall.com/best-deal-shop/rj45-female-to-female-cat6-network-lan-extension-adapter-connector?jtm=789c8b564a4e2c494dcf2faa54d2512a28ca4f294d2ed1cdc92c2e01728b2b8b755185f24a737274a263630113eb1366#7915658367293","Rp 5.400","114"
"GudangGrosir","DKI Jakarta","Taffware Point Beam Laser Pointer Pen 5MW - ZY0022","https://www.jakmall.com/gudanggrosir/taffware-point-beam-laser-pointer-pen-5mw-zy0022?jtm=789c8b564a4e2c494dcf2faa54d2512a28ca4f294d2ed1cdc92c2e01728b2b8b755185f24a737274a263630113eb1366#3719995713156","Rp 15.400","361"
"Fast n Cheap","DKI Jakarta","Kabel Adapter Audio 3.5mm Female ke RCA Male HiFi 40cm","https://www.jakmall.com/fast-n-cheap/kabel-adapter-audio-35mm-female-ke-rca-male-hifi-40cm?jtm=789c8b564a4e2c494dcf2faa54d2512a28ca4f294d2ed1cdc92c2e01728b2b8b755185f24a737274a263630113eb1366#1053510276327","Rp 5.200","160"
"Fast n Cheap","DKI Jakarta","6 Way Ports Male to 5 Female Audio Earphone 3.5mm Jack Splitter","https://www.jakmall.com/fast-n-cheap/6-way-ports-male-to-5-female-audio-earphone-35mm-jack-splitter?jtm=789c8b564a4e2c494dcf2faa54d2512a28ca4f294d2ed1cdc92c2e01728b2b8b755185f24a737274a263630113eb1366#6677539494447","Rp 14.200","324"
"Indo Audio","DKI Jakarta","TaffSTUDIO Bluetooth USB External Soundcard Live Mic Headset - V8 Plus","https://www.jakmall.com/indo-audio/taffstudio-bluetooth-usb-external-soundcard-live-mic-headset-v8-plus?jtm=789c8b564a4e2c494dcf2faa54d2512a28ca4f294d2ed1cdc92c2e01728b2b8b755185f24a737274a263630113eb1366#8686422993269","Rp 135.200","448"
"Computindo","DKI Jakarta","Kepala LAN RJ45 Cat5 Shielded 1PCS","https://www.jakmall.com/computindo/kepala-lan-rj45-cat5-shielded-1pcs?jtm=789c8b564a4e2c494dcf2faa54d2512a28ca4f294d2ed1cdc92c2e01728b2b8b755185f24a737274a263630113eb1366#8554972216011","Rp 2.100","66"
"MyGadgets","DKI Jakarta","Rhodey Sleeve Case Laptop Macbook with Pouch - AK01","https://www.jakmall.com/mygadgets/rhodey-sleeve-case-laptop-macbook-with-pouch-ak01?jtm=789c8b564a4e2c494dcf2faa54d2512a28ca4f294d2ed1cdc92c2e01728b2b8b755185f24a737274a263630113eb1366#7465264623798","Rp 32.500","748"
"Computindo","DKI Jakarta","Rhodey Soft Sleeve Case for Laptop","https://www.jakmall.com/computindo/rhodey-soft-sleeve-case-for-laptop?jtm=789c8b564a4e2c494dcf2faa54d2512a28ca4f294d2ed1cdc92c2e01728b2b8b755185f24a737274a263630113eb1366#3333579637009","Rp 13.800","421"
"MyGadgets","DKI Jakarta","Taffware Mouse Bluetooth 5.2 Rechargeable - M8120G","https://www.jakmall.com/mygadgets/taffware-mouse-bluetooth-52-rechargeable-m8120g?jtm=789c8b564a4e2c494dcf2faa54d2512a28ca4f294d2ed1cdc92c2e01728b2b8b755185f24a737274a263630113eb1366#4351773306739","Rp 43.800","613"
"MyGadgets","DKI Jakarta","Gaming Mouse Pad XL Desk Mat 300 x 800 mm - MP005","https://www.jakmall.com/mygadgets/gaming-mouse-pad-xl-desk-mat-300-x-800-mm-mp005?jtm=789c8b564a4e2c494dcf2faa54d2512a28ca4f294d2ed1cdc92c2e01728b2b8b755185f24a737274a263630113eb1366#2758169981716","Rp 26.200","479"
"Fast n Cheap","DKI Jakarta","Taffware Wireless-N WiFi Repeater 300Mbps - WL0189","https://www.jakmall.com/fast-n-cheap/taffware-wireless-n-wifi-repeater-300mbps-wl0189?jtm=789c8b564a4e2c494dcf2faa54d2512a28ca4f294d2ed1cdc92c2e01728b2b8b755185f24a737274a263630113eb1366#9132673326338","Rp 123.000","290"
"Computindo","DKI Jakarta","Taffware Adapter HDMI ke VGA Female dengan Audio - HD008-1","https://www.jakmall.com/computindo/taffware-adapter-hdmi-ke-vga-female-dengan-audio-hd008-1?jtm=789c8b564a4e2c494dcf2faa54d2512a28ca4f294d2ed1cdc92c2e01728b2b8b755185f24a737274a263630113eb1366#4728999056250","Rp 29.000","215"
"Jagoan Memory","DKI Jakarta","Sandisk Ultra Dual OTG Flash Drive M3.0 - SDDD3","https://www.jakmall.com/jagoan-memory/sandisk-ultra-dual-otg-flash-drive-m30-sddd3?jtm=789c8b564a4e2c494dcf2faa54d2512a28ca4f294d2ed1cdc92c2e01728b2b8b755185f24a737274a263630113eb1366#2291639220403","Rp 78.500","399"
"Fast n Cheap","DKI Jakarta","Soft Sleeve Case Macbook Pro 13/15 Inch - 003","https://www.jakmall.com/fast-n-cheap/soft-sleeve-case-macbook-pro-1315-inch-003?jtm=789c8b564a4e2c494dcf2faa54d2512a28ca4f294d2ed1cdc92c2e01728b2b8b755185f24a737274a263630113eb1366#6632670061398","Rp 42.300","318"
"ABC Store","DKI Jakarta","ROVTOP Kabel AUX 3.5mm HiFi Noodle Design 1m - S-IP4G","https://www.jakmall.com/abc-store/rovtop-kabel-aux-35mm-hifi-noodle-design-1m-s-ip4g?jtm=789c8b564a4e2c494dcf2faa54d2512a28ca4f294d2ed1cdc92c2e01728b2b8b755185f24a737274a263630113eb1366#1381541010377","Rp 8.400","215"
"GudangGrosir","DKI Jakarta","TaffSTUDIO Mobile Microphone for Smartphone and PC - MC-919A","https://www.jakmall.com/gudanggrosir/taffstudio-mobile-microphone-for-smartphone-and-pc-mc-919a?jtm=789c8b564a4e2c494dcf2faa54d2512a28ca4f294d2ed1cdc92c2e01728b2b8b755185f24a737274a263630113eb1366#1770637584505","Rp 81.900","384"
"ABC Store","DKI Jakarta","HRH Solid Color Silicone Keyboard Cover Protector Skin for Macbook","https://www.jakmall.com/abc-store/hrh-solid-color-silicone-keyboard-cover-protector-skin-for-macbook?jtm=789c8b564a4e2c494dcf2faa54d2512a28ca4f294d2ed1cdc92c2e01728b2b8b755185f24a737274a263630113eb1366#6631339798845","Rp 7.100","231"
"Indo Audio","DKI Jakarta","TaffSTUDIO Kabel XLR M/F OFC Microphone Karaoke Shielded - BOF30","https://www.jakmall.com/indo-audio/taffstudio-kabel-xlr-mf-ofc-microphone-karaoke-shielded-bof30?jtm=789c8b564a4e2c494dcf2faa54d2512a28ca4f294d2ed1cdc92c2e01728b2b8b755185f24a737274a263630113eb1366#4121796076257","Rp 24.600","396"
"Fast n Cheap","DKI Jakarta","JINSHOUWEI Kabel Aux Audio Extension 3.5mm Male to Female 2M - AV121","https://www.jakmall.com/fast-n-cheap/jinshouwei-kabel-aux-audio-extension-35mm-male-to-female-2m-av121?jtm=789c8b564a4e2c494dcf2faa54d2512a28ca4f294d2ed1cdc92c2e01728b2b8b755185f24a737274a263630113eb1366#9077337340096","Rp 11.600","183"
"Computindo","DKI Jakarta","Raspberry Pi 2 & Raspberry Pi Model B+ Case","https://www.jakmall.com/computindo/raspberry-pi-2-raspberry-pi-model-b-case?jtm=789c8b564a4e2c494dcf2faa54d2512a28ca4f294d2ed1cdc92c2e01728b2b8b755185f24a737274a263630113eb1366#6851817402828","Rp 9.500","71"
"ABC Store","DKI Jakarta","Rovtop Adapter HDMI Female ke HDMI Female - Z2","https://www.jakmall.com/abc-store/rovtop-adapter-hdmi-female-ke-hdmi-female-z2?jtm=789c8b564a4e2c494dcf2faa54d2512a28ca4f294d2ed1cdc92c2e01728b2b8b755185f24a737274a263630113eb1366#5412982713645","Rp 3.200","135"
"ABC Store","DKI Jakarta","DZST Display Port Male to HDMI Female Port Adapter - DZST024","https://www.jakmall.com/abc-store/dzst-display-port-male-to-hdmi-female-port-adapter-dzst024?jtm=789c8b564a4e2c494dcf2faa54d2512a28ca4f294d2ed1cdc92c2e01728b2b8b755185f24a737274a263630113eb1366#4102279197125","Rp 16.400","121"
"ABC Store","DKI Jakarta","GOLP Sleeve Case MacBook Pro Retina 13 Inch - C2202","https://www.jakmall.com/abc-store/golp-sleeve-case-macbook-pro-retina-13-inch-c2202?jtm=789c8b564a4e2c494dcf2faa54d2512a28ca4f294d2ed1cdc92c2e01728b2b8b755185f24a737274a263630113eb1366#8358131631864","Rp 54.400","327"
"MyGadgets","DKI Jakarta","Baterai Printer Zjiang Mini Portable Bluetooth Thermal 5805/5802/5807","https://www.jakmall.com/mygadgets/baterai-printer-zjiang-mini-portable-bluetooth-thermal-580558025807?jtm=789c8b564a4e2c494dcf2faa54d2512a28ca4f294d2ed1cdc92c2e01728b2b8b755185f24a737274a263630113eb1366#2953063650870","Rp 61.700","71"
"Fast n Cheap","DKI Jakarta","Gamepad Wireless 2.4GHz untuk Smart TV Box - TG2-850M","https://www.jakmall.com/fast-n-cheap/gamepad-wireless-24ghz-untuk-smart-tv-box-tg2-850m?jtm=789c8b564a4e2c494dcf2faa54d2512a28ca4f294d2ed1cdc92c2e01728b2b8b755185f24a737274a263630113eb1366#6920183180022","Rp 88.700","319"